Name,Purpose
"Name: Pierce, Lynch and Jackson",Purpose: Quality-focused logistical hardware for seize leading-edge infrastructures
Name: Butler and Sons,Purpose: Synergized mobile monitoring for orchestrate value-added eyeballs
"Name: Martin, Gardner and Haley",Purpose: Enterprise-wide client-driven orchestration for benchmark customized e-commerce
"Name: Fischer, Moore and Campbell",Purpose: Intuitive didactic open architecture for scale innovative vortals
Name: Obrien-Sanchez,Purpose: Versatile fresh-thinking definition for reinvent magnetic solutions
Name: Carpenter Ltd,Purpose: Ergonomic interactive framework for incentivize web-enabled supply-chains
"Name: Ayers, Anderson and Stevenson",Purpose: Focused analyzing secured line for iterate open-source vortals
Name: Barnes PLC,Purpose: Persistent cohesive policy for whiteboard 24/365 content
Name: Holmes-Stokes,Purpose: Adaptive actuating interface for empower holistic users
Name: Estes Group,Purpose: Universal scalable portal for extend innovative mindshare
Name: Powers-Banks,Purpose: Extended uniform system engine for whiteboard back-end communities
Name: Turner Ltd,Purpose: Open-architected interactive complexity for innovate robust solutions
Name: Mendoza Inc,Purpose: Quality-focused 24hour support for cultivate user-centric applications
Name: Sandoval-Flores,Purpose: Optimized intangible knowledge user for integrate collaborative solutions
Name: Pratt PLC,Purpose: Up-sized well-modulated complexity for strategize holistic e-markets
Name: Fox-Meadows,Purpose: Decentralized asynchronous matrices for transform ubiquitous eyeballs
Name: Anthony-Shepard,Purpose: Cross-group client-server website for disintermediate one-to-one deliverables
"Name: Spence, Clark and Weaver",Purpose: Implemented demand-driven task-force for architect enterprise technologies
Name: Ward Ltd,Purpose: Total attitude-oriented solution for disintermediate seamless supply-chains
"Name: Houston, Bowman and Cooper",Purpose: Cross-group logistical paradigm for architect magnetic markets
Name: Moran and Sons,Purpose: Persevering multimedia strategy for engage cross-platform architectures
Name: Reed PLC,Purpose: Optimized human-resource info-mediaries for synergize e-business content
Name: Navarro-Baker,Purpose: Managed multi-state task-force for whiteboard wireless vortals
Name: Williams-Lawrence,Purpose: Integrated logistical system engine for cultivate customized metrics
Name: Navarro Ltd,Purpose: Cloned zero administration service-desk for synthesize interactive networks
Name: Mitchell-Gilbert,Purpose: Streamlined real-time access for streamline bleeding-edge schemas
"Name: Brown, Dunlap and Hobbs",Purpose: Robust actuating moderator for repurpose transparent markets
Name: Anderson-West,Purpose: Fundamental zero tolerance solution for revolutionize impactful users
Name: Johnson-Torres,Purpose: Distributed 24hour success for deliver impactful convergence
Name: Gordon Inc,Purpose: Phased responsive knowledgebase for optimize visionary e-services
"Name: Owens, Garcia and Smith",Purpose: Configurable discrete flexibility for harness customized users
Name: Nicholson Inc,Purpose: Reactive background implementation for e-enable B2C action-items
Name: Smith-Meyer,Purpose: Balanced scalable system engine for re-intermediate back-end bandwidth
Name: Rose LLC,Purpose: Public-key zero administration forecast for streamline granular applications
"Name: Barnes, Perez and Clay",Purpose: Grass-roots background infrastructure for innovate collaborative infrastructures
Name: Burnett-Cabrera,Purpose: Secured non-volatile secured line for re-intermediate back-end technologies
Name: Phillips-Arroyo,Purpose: Inverse full-range software for aggregate virtual platforms
Name: Wallace Inc,Purpose: Phased grid-enabled paradigm for synergize next-generation initiatives
Name: Turner-Bailey,Purpose: Multi-lateral well-modulated focus group for exploit cross-platform niches
"Name: Franco, Baker and Baker",Purpose: Expanded empowering model for empower distributed content
"Name: Mitchell, Ford and Thompson",Purpose: Team-oriented 6thgeneration framework for reinvent customized applications
"Name: Perez, Harmon and Wagner",Purpose: Balanced attitude-oriented definition for enhance front-end metrics
"Name: Lopez, Miller and Thompson",Purpose: Synchronized radical model for architect viral web services
Name: Cochran and Sons,Purpose: Profound object-oriented utilization for scale magnetic action-items
Name: Fields-Beltran,Purpose: Reverse-engineered attitude-oriented definition for brand open-source niches
Name: Jones Inc,Purpose: Triple-buffered transitional leverage for innovate revolutionary deliverables
"Name: Colon, Wright and Espinoza",Purpose: Intuitive context-sensitive encryption for exploit interactive solutions
"Name: Daugherty, Lawson and Peterson",Purpose: Quality-focused modular database for implement scalable e-commerce
Name: Edwards-Beck,Purpose: Vision-oriented directional data-warehouse for grow plug-and-play niches
"Name: Patterson, Novak and Weeks",Purpose: Right-sized fault-tolerant matrices for integrate best-of-breed communities
