Name,Purpose
"Crosby, Anderson and Gates",Upgradable impactful open architecture for aggregate efficient eyeballs
"Williams, Phillips and Sanchez",Seamless system-worthy Graphic Interface for morph vertical applications
Boyd Group,Persistent methodical ability for innovate viral solutions
Price Inc,Optional value-added info-mediaries for visualize enterprise mindshare
Franklin-Hill,Configurable mission-critical capability for benchmark customized infrastructures
"Butler, Wood and Palmer",User-friendly heuristic solution for leverage viral web-readiness
Gamble-Spencer,Profit-focused mission-critical Internet solution for drive out-of-the-box functionalities
"Levy, Reed and Thomas",User-centric scalable hierarchy for empower impactful web services
Rollins-Mcintosh,Programmable secondary Local Area Network for whiteboard viral partnerships
Smith Group,Automated stable structure for scale holistic technologies
"Montes, Mills and Carter",Innovative logistical instruction set for drive granular eyeballs
"Hopkins, Gonzalez and Gibson",Centralized system-worthy installation for brand world-class e-services
Williams-Hamilton,Public-key attitude-oriented adapter for deploy cross-media metrics
Green PLC,Fully-configurable upward-trending open system for redefine dynamic e-tailers
Jackson-Walker,Front-line dynamic support for productize rich communities
Perry PLC,User-centric bandwidth-monitored approach for mesh next-generation info-mediaries
Scott PLC,Right-sized incremental info-mediaries for benchmark viral mindshare
Hammond PLC,Advanced system-worthy challenge for synergize mission-critical paradigms
"Thomas, Velasquez and King",Multi-lateral systemic moratorium for transform revolutionary infrastructures
Ellis PLC,Multi-layered actuating archive for generate best-of-breed niches
Acevedo Group,Programmable modular archive for iterate cross-platform channels
Foster and Sons,Stand-alone homogeneous product for benchmark impactful eyeballs
Hart-Ramirez,Multi-lateral regional Internet solution for e-enable impactful schemas
Lopez and Sons,Networked mission-critical throughput for deploy cutting-edge synergies
"Bryant, Scott and Rodgers",Digitized uniform approach for target best-of-breed partnerships
Vega Group,Enterprise-wide 24/7 strategy for generate user-centric architectures
"Kramer, Jones and Jones",Pre-emptive static focus group for synthesize wireless architectures
Ray PLC,Diverse 24hour strategy for transform web-enabled initiatives
Fuller Group,Sharable global ability for transform out-of-the-box eyeballs
Turner-Reid,Balanced static protocol for optimize dot-com web services
Knox-Warren,Progressive global toolset for empower real-time deliverables
Mathews and Sons,Sharable zero-defect implementation for repurpose real-time partnerships
Beck-Roberts,Phased system-worthy toolset for monetize open-source action-items
"House, Simpson and Thomas",Object-based 24hour function for expedite distributed vortals
Ramsey-Armstrong,Reverse-engineered transitional framework for unleash cutting-edge action-items
"Avery, Fletcher and Reid",Managed systematic hardware for embrace global applications
"Thompson, Perez and Acosta",Open-source executive support for leverage wireless paradigms
Rodriguez PLC,Pre-emptive empowering complexity for aggregate revolutionary channels
"Cole, Garner and Rice",Inverse homogeneous throughput for syndicate vertical bandwidth
Kim-Wright,Persevering foreground intranet for deliver ubiquitous content
Warren and Sons,Exclusive national algorithm for drive robust content
Sheppard-Stewart,Distributed demand-driven support for disintermediate 24/7 functionalities
Hunter PLC,Mandatory multi-tasking complexity for iterate cutting-edge markets
Garcia Inc,De-engineered systemic functionalities for re-contextualize visionary architectures
Hunt Group,Re-engineered web-enabled process improvement for cultivate B2C action-items
Chen Inc,Streamlined needs-based utilization for engineer bleeding-edge users
Smith LLC,Down-sized full-range initiative for monetize global applications
"Mclean, Coffey and Mcgee",Organic national model for grow compelling interfaces
Phillips Group,Function-based contextually-based project for e-enable collaborative initiatives
Davis Group,Devolved mission-critical emulation for enhance leading-edge applications
